id;street;city;town;country;zipcode;create_time;update_time;payment_status;payer_country_code;payer_email;payer_name;payer_surname;payer_id;currency;amount;payment_id;user_login;description
1;Batz Track;Newark;leading-edge;Morocco;Branding mobile;2021-11-18T17:09:42;2021-11-18T19:05:32;Central Flats;Profound Director;multi-state Tuna Pants;New;Granite Executive Lead;Cotton Home Program;connect withdrawal;20588;Computer;of;proactive International
2;Ernser Extension;Franeckichester;content-based;Bulgaria;Jamahiriya;2021-11-18T20:17:03;2021-11-18T11:31:06;Turks productize;Engineer;deposit bypassing;hacking;Wooden;overriding Jordan Associate;Sports withdrawal;41131;Chicken AI;Connecticut SCSI Rustic;schemas
3;Friesen Shoals;New Malindahaven;Creative;Ethiopia;Loan District Nakfa;2021-11-18T05:36:55;2021-11-18T14:08:33;Bedfordshire Branding Money;mobile;lavender Chair niches;Ball Handcrafted invoice;Rwanda;Keyboard Home payment;alarm Granite;25284;approach vortals;circuit Operations Arkansas;Missouri
4;McDermott Road;Alafaya;auxiliary;Belize;Future-proofed generating;2021-11-18T06:04:54;2021-11-18T05:56:32;ADP global;Shirt;object-oriented Avon Cambridgeshire;Islands;quantify Assurance infomediaries;User-friendly magenta;success;83527;multi-byte Gorgeous complexity;Bike;SMS Savings
5;Feil Trail;Port Braulio;Wisconsin Manager;Bouvet Island (Bouvetoya);Borders compressing;2021-11-18T22:33:09;2021-11-18T10:05:34;Bike reintermediate 1080p;Fundamental cross-platform Avon;Michigan Sleek compelling;Technician;monetize;input Metal;Networked;65221;Balanced Wooden Toys;Operations Cotton;frame Shoes
6;Lind Pike;Bridgeport;incubate Optional;Palau;SDD;2021-11-18T16:28:08;2021-11-19T00:13:32;Village Platinum Towels;copying green collaborative;Avon strategic clicks-and-mortar;payment olive;niches;deposit Virginia Designer;program;30147;Rubber Handmade efficient;Architect;Frozen withdrawal Chair
7;Gutkowski Trail;Wolfside;ivory;Dominican Republic;up;2021-11-18T13:16:50;2021-11-18T22:42:34;alarm;Usability;Seamless Lek primary;Arkansas Program Public-key;virtual;Ergonomic Avon;deposit;94370;sticky;executive Administrator;bluetooth Total multimedia
8;Mayra Estate;Grand Prairie;Maldives 17(E.U.A.-17);Oman;core Iceland Tuna;2021-11-18T13:04:10;2021-11-18T12:05:07;Fish e-enable;Cross-group Dobra whiteboard;Bedfordshire Coordinator Cambridgeshire;Carolina Usability;Optimization Research grey;Supervisor Future Savings;Administrator;90366;lime;function dynamic;Fresh
9;Barrett Light;Toybury;repurpose Assistant markets;Trinidad and Tobago;productize;2021-11-18T13:58:32;2021-11-18T05:21:28;Dalasi fuchsia;transform Internal;payment;Hat;withdrawal;Singapore;architectures eco-centric deposit;58052;Salad;SMTP SSL e-commerce;index Metrics
10;Cody River;Zboncakton;IB Sports Associate;Namibia;Inverse;2021-11-18T20:55:07;2021-11-18T05:33:02;GB;robust systemic invoice;ROI 24/7;Shoes Account;pixel Gloves;firewall;Glens;71479;optimal;Maryland reboot;Cotton coherent Rubber
